<SdtSpec>
<mainid>[ 26,1000000,0 ]</mainid>
<Level>
<id>[ 26,1000000,0 ]</id>
<name>mainThumb_Level_Detail_listSdt</name>
<camelname>mainThumb_Level_Detail_listSdt</camelname>
<collection>True</collection>
<datatype>[ 26,1000000,1 ]</datatype>
<wwsd_sdt>True</wwsd_sdt>
<fullname>mainThumb_Level_Detail_listSdt</fullname></Level>
<Level>
<id>[ 26,1000000,1 ]</id>
<name>Item</name>
<camelname>Item</camelname>
<fullname>mainThumb_Level_Detail_listSdt.Item</fullname>
<members>
<member>
<name>id</name>
<camelname>Id</camelname>
<type>[ 4,0,0 ]</type>
<length>0</length>
<decimals>0</decimals>
<sign>0</sign>
<collection>False</collection>
<islevel>False</islevel></member><member>
<name>name</name>
<camelname>Name</camelname>
<type>[ 5,0,0 ]</type>
<length>0</length>
<decimals>0</decimals>
<sign>0</sign>
<collection>False</collection>
<islevel>False</islevel></member><member>
<name>httpClient</name>
<camelname>HttpClient</camelname>
<type>[ 5,0,0 ]</type>
<length>0</length>
<decimals>0</decimals>
<sign>0</sign>
<collection>False</collection>
<islevel>False</islevel></member><member>
<name>mainThumb_struct</name>
<camelname>MainThumb_struct</camelname>
<type>[ 5,0,0 ]</type>
<length>0</length>
<decimals>0</decimals>
<sign>0</sign>
<collection>False</collection>
<islevel>False</islevel></member><member>
<name>mainThumb_structItem</name>
<camelname>MainThumb_structItem</camelname>
<type>[ 5,0,0 ]</type>
<length>0</length>
<decimals>0</decimals>
<sign>0</sign>
<collection>False</collection>
<islevel>False</islevel></member><member>
<name>isOk</name>
<camelname>IsOk</camelname>
<type>[ 15,0,0 ]</type>
<length>0</length>
<decimals>0</decimals>
<sign>0</sign>
<collection>False</collection>
<islevel>False</islevel></member><member>
<name>mainThumb_sdtError</name>
<camelname>MainThumb_sdtError</camelname>
<type>[ 5,0,0 ]</type>
<length>0</length>
<decimals>0</decimals>
<sign>0</sign>
<collection>False</collection>
<islevel>False</islevel></member><member>
<name>rsValue</name>
<camelname>RsValue</camelname>
<type>[ 5,0,0 ]</type>
<length>0</length>
<decimals>0</decimals>
<sign>0</sign>
<collection>False</collection>
<islevel>False</islevel></member>
</members></Level>
<Prompts></Prompts>
<TableAccess></TableAccess>
<XRef></XRef>
<Input>
<Parm></Parm></Input></SdtSpec>